{
  "hash": "85ebeae0",
  "configHash": "5fdd02c2",
  "lockfileHash": "4b74feeb",
  "browserHash": "4b581521",
  "optimized": {
    "@angular/common": {
      "src": "../../../../../../node_modules/@angular/common/fesm2022/common.mjs",
      "file": "@angular_common.js",
      "fileHash": "ba2ca037",
      "needsInterop": false
    },
    "@angular/common/http": {
      "src": "../../../../../../node_modules/@angular/common/fesm2022/http.mjs",
      "file": "@angular_common_http.js",
      "fileHash": "e24c713b",
      "needsInterop": false
    },
    "@angular/core": {
      "src": "../../../../../../node_modules/@angular/core/fesm2022/core.mjs",
      "file": "@angular_core.js",
      "fileHash": "22eda109",
      "needsInterop": false
    },
    "@angular/forms": {
      "src": "../../../../../../node_modules/@angular/forms/fesm2022/forms.mjs",
      "file": "@angular_forms.js",
      "fileHash": "fa01ec05",
      "needsInterop": false
    },
    "@angular/platform-browser": {
      "src": "../../../../../../node_modules/@angular/platform-browser/fesm2022/platform-browser.mjs",
      "file": "@angular_platform-browser.js",
      "fileHash": "560a31b5",
      "needsInterop": false
    },
    "@angular/platform-server": {
      "src": "../../../../../../node_modules/@angular/platform-server/fesm2022/platform-server.mjs",
      "file": "@angular_platform-server.js",
      "fileHash": "4a21eccb",
      "needsInterop": false
    },
    "@angular/router": {
      "src": "../../../../../../node_modules/@angular/router/fesm2022/router.mjs",
      "file": "@angular_router.js",
      "fileHash": "1447f142",
      "needsInterop": false
    },
    "@angular/ssr": {
      "src": "../../../../../../node_modules/@angular/ssr/fesm2022/ssr.mjs",
      "file": "@angular_ssr.js",
      "fileHash": "f19a4de0",
      "needsInterop": false
    },
    "@angular/ssr/node": {
      "src": "../../../../../../node_modules/@angular/ssr/fesm2022/node.mjs",
      "file": "@angular_ssr_node.js",
      "fileHash": "a541a71d",
      "needsInterop": false
    },
    "chart.js/auto": {
      "src": "../../../../../../node_modules/chart.js/auto/auto.js",
      "file": "chart__js_auto.js",
      "fileHash": "1d230c29",
      "needsInterop": false
    },
    "express": {
      "src": "../../../../../../node_modules/express/index.js",
      "file": "express.js",
      "fileHash": "0c038a54",
      "needsInterop": true
    },
    "file-saver": {
      "src": "../../../../../../node_modules/file-saver/dist/FileSaver.min.js",
      "file": "file-saver.js",
      "fileHash": "9bc7128e",
      "needsInterop": true
    },
    "jszip": {
      "src": "../../../../../../node_modules/jszip/lib/index.js",
      "file": "jszip.js",
      "fileHash": "a4e5f72b",
      "needsInterop": true
    },
    "rete": {
      "src": "../../../../../../node_modules/rete/rete.esm.js",
      "file": "rete.js",
      "fileHash": "fecd0cd8",
      "needsInterop": false
    },
    "rete-angular-plugin/15": {
      "src": "../../../../../../node_modules/rete-angular-plugin/15/fesm2015/rete-angular-plugin-ng15.mjs",
      "file": "rete-angular-plugin_15.js",
      "fileHash": "2f275bc2",
      "needsInterop": false
    },
    "rete-area-plugin": {
      "src": "../../../../../../node_modules/rete-area-plugin/rete-area-plugin.esm.js",
      "file": "rete-area-plugin.js",
      "fileHash": "de7842d9",
      "needsInterop": false
    },
    "rete-connection-plugin": {
      "src": "../../../../../../node_modules/rete-connection-plugin/rete-connection-plugin.esm.js",
      "file": "rete-connection-plugin.js",
      "fileHash": "e70b2a7f",
      "needsInterop": false
    },
    "rxjs": {
      "src": "../../../../../../node_modules/rxjs/dist/cjs/index.js",
      "file": "rxjs.js",
      "fileHash": "5f54f9d1",
      "needsInterop": true
    },
    "rxjs/operators": {
      "src": "../../../../../../node_modules/rxjs/dist/cjs/operators/index.js",
      "file": "rxjs_operators.js",
      "fileHash": "03f2f9bf",
      "needsInterop": true
    }
  },
  "chunks": {
    "xhr2-TXIMV6CV": {
      "file": "xhr2-TXIMV6CV.js"
    },
    "chunk-ULZNPLEE": {
      "file": "chunk-ULZNPLEE.js"
    },
    "chunk-CTXGDXWD": {
      "file": "chunk-CTXGDXWD.js"
    },
    "chunk-RAOVPVXL": {
      "file": "chunk-RAOVPVXL.js"
    },
    "chunk-E22F4RCN": {
      "file": "chunk-E22F4RCN.js"
    },
    "chunk-STAYPSKQ": {
      "file": "chunk-STAYPSKQ.js"
    },
    "chunk-H3YQWFF5": {
      "file": "chunk-H3YQWFF5.js"
    },
    "chunk-XMYXJP6D": {
      "file": "chunk-XMYXJP6D.js"
    },
    "chunk-DNAKRMDQ": {
      "file": "chunk-DNAKRMDQ.js"
    },
    "chunk-XQYHW37G": {
      "file": "chunk-XQYHW37G.js"
    },
    "chunk-DNJTTLVW": {
      "file": "chunk-DNJTTLVW.js"
    },
    "chunk-RUI3P2BR": {
      "file": "chunk-RUI3P2BR.js"
    },
    "chunk-XCIYP5SE": {
      "file": "chunk-XCIYP5SE.js"
    },
    "chunk-ZUJ64LXG": {
      "file": "chunk-ZUJ64LXG.js"
    },
    "chunk-OYTRG5F6": {
      "file": "chunk-OYTRG5F6.js"
    },
    "chunk-2T6EMKIS": {
      "file": "chunk-2T6EMKIS.js"
    },
    "chunk-YHCV7DAQ": {
      "file": "chunk-YHCV7DAQ.js"
    }
  }
}