{
  "hash": "bb46023e",
  "configHash": "d12c1690",
  "lockfileHash": "4b74feeb",
  "browserHash": "28af727a",
  "optimized": {
    "@angular/common": {
      "src": "../../../../../../node_modules/@angular/common/fesm2022/common.mjs",
      "file": "@angular_common.js",
      "fileHash": "613184eb",
      "needsInterop": false
    },
    "@angular/common/http": {
      "src": "../../../../../../node_modules/@angular/common/fesm2022/http.mjs",
      "file": "@angular_common_http.js",
      "fileHash": "cdc0bc15",
      "needsInterop": false
    },
    "@angular/core": {
      "src": "../../../../../../node_modules/@angular/core/fesm2022/core.mjs",
      "file": "@angular_core.js",
      "fileHash": "0e43748c",
      "needsInterop": false
    },
    "@angular/forms": {
      "src": "../../../../../../node_modules/@angular/forms/fesm2022/forms.mjs",
      "file": "@angular_forms.js",
      "fileHash": "86be88b5",
      "needsInterop": false
    },
    "@angular/platform-browser": {
      "src": "../../../../../../node_modules/@angular/platform-browser/fesm2022/platform-browser.mjs",
      "file": "@angular_platform-browser.js",
      "fileHash": "6c04e893",
      "needsInterop": false
    },
    "@angular/router": {
      "src": "../../../../../../node_modules/@angular/router/fesm2022/router.mjs",
      "file": "@angular_router.js",
      "fileHash": "d973469e",
      "needsInterop": false
    },
    "chart.js/auto": {
      "src": "../../../../../../node_modules/chart.js/auto/auto.js",
      "file": "chart__js_auto.js",
      "fileHash": "9a67db7f",
      "needsInterop": false
    },
    "file-saver": {
      "src": "../../../../../../node_modules/file-saver/dist/FileSaver.min.js",
      "file": "file-saver.js",
      "fileHash": "0d9d6bca",
      "needsInterop": true
    },
    "jszip": {
      "src": "../../../../../../node_modules/jszip/dist/jszip.min.js",
      "file": "jszip.js",
      "fileHash": "6602ede5",
      "needsInterop": true
    },
    "rete": {
      "src": "../../../../../../node_modules/rete/rete.esm.js",
      "file": "rete.js",
      "fileHash": "e04c52e8",
      "needsInterop": false
    },
    "rete-angular-plugin/15": {
      "src": "../../../../../../node_modules/rete-angular-plugin/15/fesm2020/rete-angular-plugin-ng15.mjs",
      "file": "rete-angular-plugin_15.js",
      "fileHash": "2ce47513",
      "needsInterop": false
    },
    "rete-area-plugin": {
      "src": "../../../../../../node_modules/rete-area-plugin/rete-area-plugin.esm.js",
      "file": "rete-area-plugin.js",
      "fileHash": "e4498206",
      "needsInterop": false
    },
    "rete-connection-plugin": {
      "src": "../../../../../../node_modules/rete-connection-plugin/rete-connection-plugin.esm.js",
      "file": "rete-connection-plugin.js",
      "fileHash": "5367906c",
      "needsInterop": false
    },
    "rxjs": {
      "src": "../../../../../../node_modules/rxjs/dist/esm5/index.js",
      "file": "rxjs.js",
      "fileHash": "7ead1fad",
      "needsInterop": false
    },
    "rxjs/operators": {
      "src": "../../../../../../node_modules/rxjs/dist/esm5/operators/index.js",
      "file": "rxjs_operators.js",
      "fileHash": "782d16c9",
      "needsInterop": false
    }
  },
  "chunks": {
    "chunk-V2MRLICZ": {
      "file": "chunk-V2MRLICZ.js"
    },
    "chunk-MGWNV64K": {
      "file": "chunk-MGWNV64K.js"
    },
    "chunk-BHYPJVCL": {
      "file": "chunk-BHYPJVCL.js"
    },
    "chunk-RYJ4ZYBV": {
      "file": "chunk-RYJ4ZYBV.js"
    },
    "chunk-U5OX6PHG": {
      "file": "chunk-U5OX6PHG.js"
    },
    "chunk-3BAMIRRC": {
      "file": "chunk-3BAMIRRC.js"
    },
    "chunk-OMMB2643": {
      "file": "chunk-OMMB2643.js"
    },
    "chunk-PEBH6BBU": {
      "file": "chunk-PEBH6BBU.js"
    },
    "chunk-WPM5VTLQ": {
      "file": "chunk-WPM5VTLQ.js"
    },
    "chunk-4S3KYZTJ": {
      "file": "chunk-4S3KYZTJ.js"
    },
    "chunk-VAKJCZZI": {
      "file": "chunk-VAKJCZZI.js"
    },
    "chunk-KBUIKKCC": {
      "file": "chunk-KBUIKKCC.js"
    }
  }
}